{"AFC": 0.3181818181818182, "Arizona Cardinals": 0.37992831541218636, "Arsenal": 0.2967509025270758, "Aston Villa": 0.34443387250237867, "Atlanta Falcons": 0.3786057692307692, "Atlanta Hawks": 0.3601345154387038, "Baltimore Ravens": 0.3824561403508772, "Boston Celtics": 0.36084838062482083, "Bournemouth": 0.2786377708978328, "Brentford": 0.3484573502722323, "Brighton": 0.3070953436807095, "Brooklyn Nets": 0.3360025624599616, "Buffalo Bills": 0.38095238095238093, "Burnley": 0.2714440825190011, "Cardiff": 0.1827956989247312, "Carolina Panthers": 0.3441247002398082, "Charlotte Hornets": 0.3048941798941799, "Chelsea": 0.32002956393200294, "Chicago Bears": 0.3062200956937799, "Chicago Bulls": 0.34630606860158314, "Cincinnati Bengals": 0.34710743801652894, "Cleveland Browns": 0.3253588516746412, "Cleveland Cavaliers": 0.3158715310258809, "Crystal Palace": 0.31462450592885377, "Dallas Cowboys": 0.31448763250883394, "Dallas Mavericks": 0.3190830235439901, "Denver Broncos": 0.4, "Denver Nuggets": 0.3870967741935484, "Detroit Lions": 0.3409915356711003, "Detroit Pistons": 0.2701168614357262, "East": 0.0, "Everton": 0.2739273927392739, "Fulham": 0.24336283185840707, "Golden State Warriors": 0.3278876468902264, "Green Bay Packers": 0.36343115124153497, "Houston Rockets": 0.28593652769135036, "Houston Texans": 0.35587188612099646, "Huddersfield": 0.14761904761904762, "Hull": 0.12359550561797752, "Indiana Pacers": 0.3468670076726343, "Indianapolis Colts": 0.3879003558718861, "Jacksonville Jaguars": 0.28339140534262486, "Jerry Rice Team": 0.0, "Kansas City Chiefs": 0.3836549375709421, "Las Vegas Raiders": 0.3997613365155131, "Leeds": 0.23715415019762845, "Leicester": 0.25775193798449614, "Liverpool": 0.25277337559429475, "Los Angeles Chargers": 0.36608187134502923, "Los Angeles Clippers": 0.3183098591549296, "Los Angeles Lakers": 0.30025526483726867, "Los Angeles Rams": 0.27387802071346373, "Luton": 0.1346153846153846, "Manchester City": 0.2002791346824843, "Manchester Utd": 0.27547169811320754, "Memphis Grizzlies": 0.339938080495356, "Miami Dolphins": 0.3181818181818182, "Miami Heat": 0.41057860900058446, "Michael Irvin Team": 1.0, "Middlesbrough": 0.15294117647058825, "Milwaukee Bucks": 0.28991971454058874, "Minnesota Timberwolves": 0.3154018571886007, "Minnesota Vikings": 0.26570048309178745, "NFC": 0.5333333333333333, "New England Patriots": 0.3556581986143187, "New Orleans Pelicans": 0.3176883780332056, "New Orleans Saints": 0.38498212157330153, "New York Giants": 0.317016317016317, "New York Jets": 0.3341317365269461, "New York Knicks": 0.3262669758198079, "Newcastle": 0.3259983700081499, "Norwich": 0.11286681715575621, "Nottingham": 0.1056701030927835, "Oklahoma City Thunder": 0.37180730682185575, "Orlando Magic": 0.27344005227049983, "Philadelphia 76ers": 0.3028728606356968, "Philadelphia Eagles": 0.36953955135773314, "Phoenix Suns": 0.29271317829457366, "Pittsburgh Steelers": 0.4149425287356322, "Portland Trail Blazers": 0.3201617921593031, "QPR": 0.11214953271028037, "Sacramento Kings": 0.34235409194652755, "San Antonio Spurs": 0.3148614609571788, "San Francisco 49ers": 0.37486095661846497, "Seattle Seahawks": 0.30751445086705204, "Sheffield Utd": 0.11818181818181818, "Southampton": 0.3249097472924188, "Stoke": 0.2727272727272727, "Sunderland": 0.25076452599388377, "Swansea": 0.2591792656587473, "Tampa Bay Buccaneers": 0.3356643356643357, "Team Durant": 0.0, "Team Giannis": 0.6666666666666666, "Team LeBron": 0.0, "Team USA": 0.0, "Team World": 0.5384615384615384, "Tennessee Titans": 0.33176470588235296, "Toronto Raptors": 0.3791208791208791, "Tottenham": 0.2542503863987635, "Utah Jazz": 0.3304293714996889, "Washington Commanders": 0.3525721455457968, "Washington Wizards": 0.3156549520766773, "Watford": 0.26449787835926447, "West": 0.0, "West Brom": 0.2647058823529412, "West Ham": 0.25652498135719615, "Wolves": 0.367612293144208}