{"AFC": 0.0, "Arizona Cardinals": 0.6049382716049383, "Arsenal": 0.7692307692307693, "Aston Villa": 0.7083333333333334, "Atlanta Falcons": 0.6666666666666666, "Atlanta Hawks": 0.6735395189003437, "Baltimore Ravens": 0.5614035087719298, "Boston Celtics": 0.605911330049261, "Bournemouth": 0.7368421052631579, "Brentford": 0.6857142857142857, "Brighton": 0.7285714285714285, "Brooklyn Nets": 0.6851211072664359, "Buffalo Bills": 0.589041095890411, "Burnley": 0.7211538461538461, "Cardiff": 0.8125, "Carolina Panthers": 0.6578947368421053, "Charlotte Hornets": 0.6993243243243243, "Chelsea": 0.6923076923076923, "Chicago Bears": 0.6777777777777778, "Chicago Bulls": 0.6736842105263158, "Cincinnati Bengals": 0.6538461538461537, "Cleveland Browns": 0.7654320987654321, "Cleveland Cavaliers": 0.7253218884120171, "Crystal Palace": 0.6521739130434783, "Dallas Cowboys": 0.6935483870967742, "Dallas Mavericks": 0.6981818181818182, "Denver Broncos": 0.6333333333333333, "Denver Nuggets": 0.6292134831460674, "Detroit Lions": 0.6794871794871795, "Detroit Pistons": 0.7484076433121019, "East": 1.0, "Everton": 0.7623762376237624, "Fulham": 0.7826086956521741, "Golden State Warriors": 0.6621621621621622, "Green Bay Packers": 0.6470588235294118, "Houston Rockets": 0.7105263157894737, "Houston Texans": 0.6627906976744186, "Huddersfield": 0.8620689655172413, "Hull": 0.8636363636363636, "Indiana Pacers": 0.6818181818181818, "Indianapolis Colts": 0.5822784810126582, "Jacksonville Jaguars": 0.7692307692307693, "Jerry Rice Team": 1.0, "Kansas City Chiefs": 0.4651162790697674, "Las Vegas Raiders": 0.6941176470588235, "Leeds": 0.75, "Leicester": 0.7272727272727273, "Liverpool": 0.7142857142857143, "Los Angeles Chargers": 0.6329113924050634, "Los Angeles Clippers": 0.6530612244897959, "Los Angeles Lakers": 0.7302158273381296, "Los Angeles Rams": 0.6986301369863014, "Luton": 0.8666666666666667, "Manchester City": 0.75, "Manchester Utd": 0.7209302325581395, "Memphis Grizzlies": 0.6828358208955224, "Miami Dolphins": 0.6746987951807228, "Miami Heat": 0.5942028985507246, "Michael Irvin Team": 0.0, "Middlesbrough": 0.9090909090909092, "Milwaukee Bucks": 0.6966824644549763, "Minnesota Timberwolves": 0.7181208053691275, "Minnesota Vikings": 0.6805555555555556, "NFC": 1.0, "New England Patriots": 0.5333333333333333, "New Orleans Pelicans": 0.6949152542372882, "New Orleans Saints": 0.5737704918032787, "New York Giants": 0.6774193548387095, "New York Jets": 0.7380952380952381, "New York Knicks": 0.7070063694267515, "Newcastle": 0.7107438016528925, "Norwich": 0.8888888888888888, "Nottingham": 0.8888888888888888, "Oklahoma City Thunder": 0.649402390438247, "Orlando Magic": 0.7298850574712644, "Philadelphia 76ers": 0.7406015037593985, "Philadelphia Eagles": 0.5964912280701754, "Phoenix Suns": 0.7242647058823529, "Pittsburgh Steelers": 0.5571428571428572, "Portland Trail Blazers": 0.7, "QPR": 0.8888888888888888, "Sacramento Kings": 0.6743421052631579, "San Antonio Spurs": 0.7035398230088495, "San Francisco 49ers": 0.6268656716417911, "Seattle Seahawks": 0.631578947368421, "Sheffield Utd": 0.8780487804878048, "Southampton": 0.7127659574468085, "Stoke": 0.7333333333333333, "Sunderland": 0.7407407407407407, "Swansea": 0.7384615384615385, "Tampa Bay Buccaneers": 0.6419753086419753, "Team Durant": 1.0, "Team Giannis": 0.5, "Team LeBron": 0.0, "Team USA": 0.0, "Team World": 0.3333333333333333, "Tennessee Titans": 0.6506024096385542, "Toronto Raptors": 0.5944700460829493, "Tottenham": 0.7551020408163265, "Utah Jazz": 0.6863636363636364, "Washington Commanders": 0.6666666666666665, "Washington Wizards": 0.7073170731707318, "Watford": 0.7529411764705883, "West": 0.0, "West Brom": 0.7397260273972602, "West Ham": 0.7222222222222222, "Wolves": 0.6363636363636364}