{"AFC": 0.3333333333333333, "Arizona Cardinals": 0.3333333333333333, "Arsenal": 0.3174603174603174, "Aston Villa": 0.44, "Atlanta Falcons": 0.4642857142857143, "Atlanta Hawks": 0.4285714285714285, "Baltimore Ravens": 0.3392857142857143, "Boston Celtics": 0.3404255319148936, "Bournemouth": 0.4666666666666667, "Brentford": 0.4444444444444444, "Brighton": 0.4166666666666667, "Brooklyn Nets": 0.3584905660377358, "Buffalo Bills": 0.3684210526315789, "Burnley": 0.3333333333333333, "Cardiff": 0.0, "Carolina Panthers": 0.4705882352941176, "Charlotte Hornets": 0.3440860215053763, "Chelsea": 0.3237410071942446, "Chicago Bears": 0.3, "Chicago Bulls": 0.3823529411764705, "Cincinnati Bengals": 0.375, "Cleveland Browns": 0.5357142857142857, "Cleveland Cavaliers": 0.3681318681318681, "Crystal Palace": 0.3529411764705882, "Dallas Cowboys": 0.34, "Dallas Mavericks": 0.3259259259259259, "Denver Broncos": 0.4489795918367347, "Denver Nuggets": 0.39506172839506165, "Detroit Lions": 0.3870967741935484, "Detroit Pistons": 0.4428571428571428, "East": 0.0, "Everton": 0.3478260869565217, "Fulham": 0.19999999999999998, "Golden State Warriors": 0.3074324324324324, "Green Bay Packers": 0.3617021276595745, "Houston Rockets": 0.3421052631578947, "Houston Texans": 0.35999999999999993, "Huddersfield": 0.0, "Hull": 0.0, "Indiana Pacers": 0.4014598540145985, "Indianapolis Colts": 0.3529411764705882, "Jacksonville Jaguars": 0.4285714285714285, "Jerry Rice Team": 0.0, "Kansas City Chiefs": 0.2714285714285714, "Las Vegas Raiders": 0.56, "Leeds": 0.2222222222222222, "Leicester": 0.25, "Liverpool": 0.24060150375939837, "Los Angeles Chargers": 0.3823529411764705, "Los Angeles Clippers": 0.3066037735849056, "Los Angeles Lakers": 0.34210526315789463, "Los Angeles Rams": 0.2682926829268293, "Luton": 0.0, "Manchester City": 0.20858895705521469, "Manchester Utd": 0.2869565217391304, "Memphis Grizzlies": 0.3900709219858156, "Miami Dolphins": 0.3928571428571428, "Miami Heat": 0.4013157894736842, "Michael Irvin Team": 0.0, "Middlesbrough": 1.0, "Milwaukee Bucks": 0.2883720930232558, "Minnesota Timberwolves": 0.41489361702127653, "Minnesota Vikings": 0.2777777777777778, "NFC": 1.0, "New England Patriots": 0.3285714285714285, "New Orleans Pelicans": 0.37142857142857144, "New Orleans Saints": 0.32, "New York Giants": 0.3684210526315789, "New York Jets": 0.52, "New York Knicks": 0.4029850746268656, "Newcastle": 0.44444444444444436, "Norwich": 0.0, "Nottingham": 0.0, "Oklahoma City Thunder": 0.3835616438356165, "Orlando Magic": 0.3409090909090909, "Philadelphia 76ers": 0.33333333333333326, "Philadelphia Eagles": 0.4, "Phoenix Suns": 0.3076923076923077, "Pittsburgh Steelers": 0.3409090909090909, "Portland Trail Blazers": 0.3555555555555555, "QPR": 0.0, "Sacramento Kings": 0.3908045977011494, "San Antonio Spurs": 0.3571428571428571, "San Francisco 49ers": 0.32, "Seattle Seahawks": 0.2758620689655172, "Sheffield Utd": 0.3333333333333333, "Southampton": 0.4693877551020408, "Stoke": 0.5, "Sunderland": 0.0, "Swansea": 0.375, "Tampa Bay Buccaneers": 0.2903225806451613, "Team Durant": 0.0, "Team Giannis": 0.0, "Team LeBron": 0.0, "Team USA": 0.0, "Team World": 0.0, "Tennessee Titans": 0.3333333333333333, "Toronto Raptors": 0.3349514563106796, "Tottenham": 0.2616822429906542, "Utah Jazz": 0.3403141361256545, "Washington Commanders": 0.36842105263157887, "Washington Wizards": 0.391304347826087, "Watford": 0.5, "West": 0.0, "West Brom": 1.0, "West Ham": 0.3125, "Wolves": 0.5263157894736842}