{"AFC": 1.0, "Arizona Cardinals": 0.3333333333333333, "Arsenal": 0.3529411764705882, "Aston Villa": 0.2641509433962264, "Atlanta Falcons": 0.2857142857142857, "Atlanta Hawks": 0.38888888888888895, "Baltimore Ravens": 0.4375, "Boston Celtics": 0.4202898550724637, "Bournemouth": 0.3333333333333333, "Brentford": 0.3333333333333333, "Brighton": 0.3947368421052631, "Brooklyn Nets": 0.3316326530612244, "Buffalo Bills": 0.4848484848484848, "Burnley": 0.3037974683544304, "Cardiff": 0.3181818181818182, "Carolina Panthers": 0.4047619047619047, "Charlotte Hornets": 0.3273809523809524, "Chelsea": 0.2222222222222222, "Chicago Bears": 0.3035714285714285, "Chicago Bulls": 0.34426229508196715, "Cincinnati Bengals": 0.4285714285714285, "Cleveland Browns": 0.2790697674418604, "Cleveland Cavaliers": 0.3214285714285714, "Cris Carter Team": 0.0, "Crystal Palace": 0.2133333333333333, "Dallas Cowboys": 0.4411764705882353, "Dallas Mavericks": 0.3857142857142857, "Denver Broncos": 0.4444444444444444, "Denver Nuggets": 0.392156862745098, "Detroit Lions": 0.2857142857142857, "Detroit Pistons": 0.3155339805825243, "East": 0.0, "Everton": 0.40816326530612235, "Fulham": 0.18181818181818177, "Golden State Warriors": 0.4262295081967213, "Green Bay Packers": 0.4000000000000001, "Houston Rockets": 0.3333333333333333, "Houston Texans": 0.2727272727272727, "Huddersfield": 0.1904761904761904, "Hull": 0.32, "Indiana Pacers": 0.3669064748201439, "Indianapolis Colts": 0.2424242424242424, "Jacksonville Jaguars": 0.3387096774193548, "Kansas City Chiefs": 0.5555555555555556, "Las Vegas Raiders": 0.36842105263157887, "Leeds": 0.1333333333333333, "Leicester": 0.3636363636363636, "Liverpool": 0.7142857142857143, "Los Angeles Chargers": 0.2222222222222222, "Los Angeles Clippers": 0.3793103448275862, "Los Angeles Lakers": 0.3414634146341463, "Los Angeles Rams": 0.3333333333333333, "Luton": 0.2857142857142857, "Manchester City": 0.0, "Manchester Utd": 0.5, "Memphis Grizzlies": 0.4383561643835617, "Miami Dolphins": 0.4772727272727273, "Miami Heat": 0.4311926605504587, "Michael Irvin Team": 0.0, "Middlesbrough": 0.0, "Milwaukee Bucks": 0.4189189189189189, "Minnesota Timberwolves": 0.3351351351351351, "Minnesota Vikings": 0.4, "NFC": 0.3333333333333333, "New England Patriots": 0.31578947368421056, "New Orleans Pelicans": 0.41176470588235287, "New Orleans Saints": 0.4210526315789473, "New York Giants": 0.3050847457627119, "New York Jets": 0.391304347826087, "New York Knicks": 0.2752293577981651, "Newcastle": 0.3387096774193548, "Norwich": 0.2051282051282051, "Nottingham": 0.4090909090909091, "Oklahoma City Thunder": 0.35416666666666674, "Orlando Magic": 0.3208333333333333, "Philadelphia 76ers": 0.3128834355828221, "Philadelphia Eagles": 0.2916666666666667, "Phoenix Suns": 0.2890173410404624, "Pittsburgh Steelers": 0.6428571428571429, "Portland Trail Blazers": 0.3243243243243243, "QPR": 0.125, "Sacramento Kings": 0.3398058252427184, "San Antonio Spurs": 0.3684210526315789, "San Francisco 49ers": 0.40625, "Sanders Team": 0.0, "Seattle Seahawks": 0.4705882352941176, "Sheffield Utd": 0.2432432432432432, "Southampton": 0.2352941176470588, "Stoke": 0.4482758620689655, "Sunderland": 0.22580645161290316, "Swansea": 0.2666666666666666, "Tampa Bay Buccaneers": 0.3076923076923077, "Team Durant": 0.0, "Team Giannis": 0.0, "Team LeBron": 0.0, "Team Stephen": 0.0, "Team USA": 0.0, "Team World": 0.0, "Tennessee Titans": 0.3181818181818182, "Toronto Raptors": 0.3943661971830985, "Tottenham": 0.4375, "Utah Jazz": 0.493827160493827, "Washington Commanders": 0.35, "Washington Wizards": 0.4172185430463576, "Watford": 0.2666666666666666, "West": 0.0, "West Brom": 0.25, "West Ham": 0.3934426229508196, "Wolves": 0.4285714285714285}