{"AFC": 0.5333333333333333, "Arizona Cardinals": 0.35784313725490197, "Arsenal": 0.1386347642505278, "Aston Villa": 0.29693486590038315, "Atlanta Falcons": 0.3932853717026379, "Atlanta Hawks": 0.3449672795263322, "Baltimore Ravens": 0.2857142857142857, "Boston Celtics": 0.32784138508796423, "Bournemouth": 0.32667450058754405, "Brentford": 0.2963709677419355, "Brighton": 0.35182998819362454, "Brooklyn Nets": 0.3405889884763124, "Buffalo Bills": 0.31549609810479373, "Burnley": 0.2869022869022869, "Cardiff": 0.38251366120218583, "Carolina Panthers": 0.4307875894988067, "Charlotte Hornets": 0.342456608811749, "Chelsea": 0.19652722967640096, "Chicago Bears": 0.3592233009708738, "Chicago Bulls": 0.3411954765751212, "Cincinnati Bengals": 0.3562130177514793, "Cleveland Browns": 0.3313106796116505, "Cleveland Cavaliers": 0.28326309452137266, "Cris Carter Team": 1.0, "Crystal Palace": 0.2549019607843137, "Dallas Cowboys": 0.3500570125427594, "Dallas Mavericks": 0.3627450980392157, "Denver Broncos": 0.37910798122065725, "Denver Nuggets": 0.3003976751300092, "Detroit Lions": 0.3010625737898465, "Detroit Pistons": 0.32877625875291766, "East": 0.0, "Everton": 0.3687315634218289, "Fulham": 0.2517482517482518, "Golden State Warriors": 0.24223776223776225, "Green Bay Packers": 0.28487690504103164, "Houston Rockets": 0.2937365010799136, "Houston Texans": 0.3071428571428571, "Huddersfield": 0.30275229357798167, "Hull": 0.34220532319391633, "Indiana Pacers": 0.32982225148123767, "Indianapolis Colts": 0.2949029126213592, "Jacksonville Jaguars": 0.4594272076372315, "Kansas City Chiefs": 0.2782969885773624, "Las Vegas Raiders": 0.32091346153846156, "Leeds": 0.25495049504950495, "Leicester": 0.3161833489242282, "Liverpool": 0.12204142011834321, "Los Angeles Chargers": 0.363080684596577, "Los Angeles Clippers": 0.3371635923798004, "Los Angeles Lakers": 0.37924865831842575, "Los Angeles Rams": 0.3607520564042303, "Luton": 0.33653846153846156, "Manchester City": 0.09430122116689281, "Manchester Utd": 0.2322924600152323, "Memphis Grizzlies": 0.33657160764650584, "Miami Dolphins": 0.3656441717791411, "Miami Heat": 0.33623440673049027, "Michael Irvin Team": 0.0, "Middlesbrough": 0.21978021978021978, "Milwaukee Bucks": 0.3052160953800298, "Minnesota Timberwolves": 0.3849734042553192, "Minnesota Vikings": 0.31529411764705884, "NFC": 0.3181818181818182, "New England Patriots": 0.25900900900900903, "New Orleans Pelicans": 0.3844130220322262, "New Orleans Saints": 0.3525264394829612, "New York Giants": 0.3595505617977528, "New York Jets": 0.4002463054187192, "New York Knicks": 0.32177576150356446, "Newcastle": 0.2815699658703072, "Norwich": 0.2549019607843137, "Nottingham": 0.36187845303867405, "Oklahoma City Thunder": 0.31005765534913515, "Orlando Magic": 0.3565303430079156, "Philadelphia 76ers": 0.2720341567551083, "Philadelphia Eagles": 0.2757437070938215, "Phoenix Suns": 0.3001841620626151, "Pittsburgh Steelers": 0.4163701067615658, "Portland Trail Blazers": 0.30950861518825784, "QPR": 0.13414634146341464, "Sacramento Kings": 0.3697899299766589, "San Antonio Spurs": 0.2980492484809722, "San Francisco 49ers": 0.37020316027088035, "Sanders Team": 0.0, "Seattle Seahawks": 0.35498839907192575, "Sheffield Utd": 0.25162689804772237, "Southampton": 0.3237822349570201, "Stoke": 0.38202247191011235, "Sunderland": 0.3249211356466877, "Swansea": 0.3159041394335512, "Tampa Bay Buccaneers": 0.4197247706422018, "Team Durant": 0.0, "Team Giannis": 0.0, "Team LeBron": 0.4, "Team Stephen": 0.0, "Team USA": 0.5384615384615384, "Team World": 0.0, "Tennessee Titans": 0.38424821002386633, "Toronto Raptors": 0.2937253713246438, "Tottenham": 0.25547445255474455, "Utah Jazz": 0.3583123425692695, "Washington Commanders": 0.3971119133574007, "Washington Wizards": 0.37314396384764364, "Watford": 0.3133640552995391, "West": 0.0, "West Brom": 0.3036053130929791, "West Ham": 0.34679334916864607, "Wolves": 0.3982202447163515}