{"AFC": 1.0, "Arizona Cardinals": 0.576271186440678, "Arsenal": 0.8807947019867549, "Aston Villa": 0.6417910447761194, "Atlanta Falcons": 0.5263157894736842, "Atlanta Hawks": 0.6818181818181819, "Baltimore Ravens": 0.7319587628865979, "Boston Celtics": 0.6984126984126984, "Bournemouth": 0.6326530612244898, "Brentford": 0.7272727272727273, "Brighton": 0.6122448979591837, "Brooklyn Nets": 0.6354679802955665, "Buffalo Bills": 0.6951219512195121, "Burnley": 0.6388888888888888, "Cardiff": 0.4444444444444444, "Carolina Panthers": 0.6285714285714286, "Charlotte Hornets": 0.6431924882629108, "Chelsea": 0.8206896551724138, "Chicago Bears": 0.5660377358490566, "Chicago Bulls": 0.6481481481481481, "Cincinnati Bengals": 0.6486486486486487, "Cleveland Browns": 0.625, "Cleveland Cavaliers": 0.7395833333333334, "Cris Carter Team": 0.0, "Crystal Palace": 0.6829268292682927, "Dallas Cowboys": 0.6666666666666666, "Dallas Mavericks": 0.6447876447876448, "Denver Broncos": 0.6708860759493671, "Denver Nuggets": 0.7272727272727273, "Detroit Lions": 0.6885245901639344, "Detroit Pistons": 0.6292134831460674, "East": 0.0, "Everton": 0.672566371681416, "Fulham": 0.6666666666666666, "Golden State Warriors": 0.8080808080808081, "Green Bay Packers": 0.7849462365591398, "Houston Rockets": 0.7198581560283689, "Houston Texans": 0.6666666666666666, "Huddersfield": 0.4444444444444444, "Hull": 0.631578947368421, "Indiana Pacers": 0.696, "Indianapolis Colts": 0.6493506493506493, "Jacksonville Jaguars": 0.4375, "Kansas City Chiefs": 0.7391304347826086, "Las Vegas Raiders": 0.6862745098039216, "Leeds": 0.625, "Leicester": 0.6966292134831461, "Liverpool": 0.8917197452229301, "Los Angeles Chargers": 0.5694444444444444, "Los Angeles Clippers": 0.6873156342182892, "Los Angeles Lakers": 0.6044444444444445, "Los Angeles Rams": 0.618421052631579, "Luton": 0.0, "Manchester City": 0.8938547486033519, "Manchester Utd": 0.8043478260869565, "Memphis Grizzlies": 0.7065637065637066, "Miami Dolphins": 0.671875, "Miami Heat": 0.6780185758513931, "Michael Irvin Team": 1.0, "Middlesbrough": 0.5714285714285714, "Milwaukee Bucks": 0.7114285714285714, "Minnesota Timberwolves": 0.6020408163265306, "Minnesota Vikings": 0.7073170731707316, "NFC": 0.0, "New England Patriots": 0.76, "New Orleans Pelicans": 0.6180257510729614, "New Orleans Saints": 0.6276595744680852, "New York Giants": 0.6041666666666666, "New York Jets": 0.6052631578947368, "New York Knicks": 0.6432748538011696, "Newcastle": 0.7532467532467533, "Norwich": 0.5882352941176471, "Nottingham": 0.8, "Oklahoma City Thunder": 0.7170542635658915, "Orlando Magic": 0.6122448979591837, "Philadelphia 76ers": 0.7649402390438247, "Philadelphia Eagles": 0.6931818181818182, "Phoenix Suns": 0.6609442060085837, "Pittsburgh Steelers": 0.6666666666666666, "Portland Trail Blazers": 0.6972789115646258, "QPR": 0.8333333333333335, "Sacramento Kings": 0.603448275862069, "San Antonio Spurs": 0.7379310344827587, "San Francisco 49ers": 0.5975609756097561, "Sanders Team": 0.0, "Seattle Seahawks": 0.7142857142857144, "Sheffield Utd": 0.6666666666666666, "Southampton": 0.6428571428571429, "Stoke": 0.65, "Sunderland": 0.5, "Swansea": 0.6585365853658538, "Tampa Bay Buccaneers": 0.5, "Team Durant": 0.0, "Team Giannis": 0.0, "Team LeBron": 0.6666666666666665, "Team Stephen": 0.0, "Team USA": 0.3333333333333333, "Team World": 0.0, "Tennessee Titans": 0.6212121212121212, "Toronto Raptors": 0.7338935574229691, "Tottenham": 0.7945205479452055, "Utah Jazz": 0.6832298136645962, "Washington Commanders": 0.5306122448979592, "Washington Wizards": 0.6502057613168725, "Watford": 0.6153846153846154, "West": 1.0, "West Brom": 0.6, "West Ham": 0.6736842105263158, "Wolves": 0.6458333333333334}