{"means": [-136.65889724310776, 124.53771094402673, 1.115251149236638, 0.1482372598162072, 0.15052631578947367, 0.08408521303258146, 0.07720133667502088, 0.6789000823334659, 0.3586556075693951, 0.3616996652586077, 0.6865301114345331, 0.32142909234338585, 0.3214138381331401, 1040.1070966912935, 1037.6440593323223, 2.4630373589709835, 0.012898913951545531, 0.7946198830409357, 0.7943776106934002], "stds": [508.6576926682259, 395.91633143065354, 0.49506670268548636, 0.3553350174390212, 0.357586554619048, 0.2775155670982204, 0.2669106410216928, 0.07786596635954633, 0.08373141379699785, 0.08574200765020194, 0.05764212941222356, 0.055655593948602096, 0.04759265245859828, 300.8216094576154, 299.00143485584516, 155.07879480274602, 0.8583760194600717, 0.40397911396128555, 0.40415569069659896]}